job_id,source,job_title,company_name,location,published,job_url,full_description,scraped_at
14498316,stepstone,Helfer (m/w/d),Grünkultur Garten- und Landschaftfsbau Ulrike Vath,Baden-Württemberg,vor 7 Stunden,https://www.stepstone.de/stellenangebote--Helfer-m-w-d-Achern-Baden-Gruenkultur-Garten-und-Landschaftfsbau-Ulrike-Vath--14498316-inline.html,,2026-09-12T22:07:09.646399+00:00
13946297,stepstone,Auszubildende Hotelfachmann / Hotelfachfrau (m/w/d),Relais & Châteaux Hotel Dollenberg,Baden-Württemberg,vor 7 Stunden,https://www.stepstone.de/stellenangebote--Auszubildende-Hotelfachmann-Hotelfachfrau-m-w-d-Bad-Peterstal-Griesbach-Relais-Chateaux-Hotel-Dollenberg--13946297-inline.html,,2026-09-12T22:07:09.646399+00:00
14435696,stepstone,Praktikum im Bereich Logistik - Pforzheim - Start 2027,Amazon Europe Core,Baden-Württemberg,vor 8 Stunden,https://www.stepstone.de/stellenangebote--Praktikum-im-Bereich-Logistik-Pforzheim-Start-2027-Pforzheim-Amazon-Europe-Core--14435696-inline.html,,2026-09-12T22:07:09.646399+00:00
14435747,stepstone,Trainee (w/m/d) Energiewirtschaft / Vertrieb,hsag Heidelberger Services AG,Baden-Württemberg,vor 8 Stunden,https://www.stepstone.de/stellenangebote--Trainee-w-m-d-Energiewirtschaft-Vertrieb-Walldorf-hsag-Heidelberger-Services-AG--14435747-inline.html,,2026-09-12T22:07:09.646399+00:00
14435872,stepstone,Praktikant*in Entwicklung elektrische Antriebssysteme,Mercedes-Benz AG,Baden-Württemberg,vor 8 Stunden,https://www.stepstone.de/stellenangebote--Praktikantin-Entwicklung-elektrische-Antriebssysteme-Sindelfingen-Mercedes-Benz-AG--14435872-inline.html,,2026-09-12T22:07:09.646399+00:00
14208698,stepstone,Management Trainee Programm,CRIF GmbH,Baden-Württemberg,vor 10 Stunden,https://www.stepstone.de/stellenangebote--Management-Trainee-Programm-Karlsruhe-Hamburg-CRIF-GmbH--14208698-inline.html,,2026-09-12T22:07:09.646399+00:00
14432889,stepstone,Dualer Master Human Resources / Personalmanagement (m/w/d),Biologische Heilmittel Heel GmbH,Baden-Württemberg,vor 11 Stunden,https://www.stepstone.de/stellenangebote--Dualer-Master-Human-Resources-Personalmanagement-m-w-d-Baden-Baden-Biologische-Heilmittel-Heel-GmbH--14432889-inline.html,,2026-09-12T22:07:09.646399+00:00
14499223,stepstone,Werkstudent / Trainee Vertrieb im Außendienst (m/w/d) – Gebietsentwicklung,Albert Wasmer GmbH Gabelstapler-Werksvertretung,Baden-Württemberg,vor 13 Stunden,https://www.stepstone.de/stellenangebote--Werkstudent-Trainee-Vertrieb-im-Aussendienst-m-w-d-Gebietsentwicklung-Karlsruhe-Baden-Albert-Wasmer-GmbH-Gabelstapler-Werksvertretung--14499223-inline.html,,2026-09-12T22:07:09.646399+00:00
14195905,stepstone,Praktikant (w/m/d) Audiovisuelle Content Creation,Drees & Sommer SE,Baden-Württemberg,vor 13 Stunden,https://www.stepstone.de/stellenangebote--Praktikant-w-m-d-Audiovisuelle-Content-Creation-Stuttgart-Drees-Sommer-SE--14195905-inline.html,,2026-09-12T22:07:09.646399+00:00
14419157,stepstone,Praktikum als Fellow Consultant (w/m/d) Controlling & Finance,Horváth,Baden-Württemberg,vor 15 Stunden,https://www.stepstone.de/stellenangebote--Praktikum-als-Fellow-Consultant-w-m-d-Controlling-Finance-Berlin-Duesseldorf-Frankfurt-Hamburg-Muenchen-Stuttgart-Horvaeth--14419157-inline.html,,2026-09-12T22:07:09.646399+00:00
14419140,stepstone,Praktikum als Fellow Consultant (w/m/d) Digital Transformation & Information Technology,Horváth,Baden-Württemberg,vor 15 Stunden,https://www.stepstone.de/stellenangebote--Praktikum-als-Fellow-Consultant-w-m-d-Digital-Transformation-Information-Technology-Berlin-Duesseldorf-Frankfurt-Hamburg-Muenchen-Stuttgart-Horvaeth--14419140-inline.html,,2026-09-12T22:07:09.646399+00:00
14419101,stepstone,"Praktikum als Fellow Consultant (w/m/d) Energy, Environment & Telecommunication",Horváth,Baden-Württemberg,vor 15 Stunden,https://www.stepstone.de/stellenangebote--Praktikum-als-Fellow-Consultant-w-m-d-Energy-Environment-Telecommunication-Berlin-Duesseldorf-Frankfurt-Hamburg-Muenchen-Stuttgart-Horvaeth--14419101-inline.html,,2026-09-12T22:07:09.646399+00:00
14497843,stepstone,Praktikum Videografie und Fotografie (m/w/d),OPTIMA packaging group GmbH,Baden-Württemberg,vor 15 Stunden,https://www.stepstone.de/stellenangebote--Praktikum-Videografie-und-Fotografie-m-w-d-74523-Schwaebisch-Hall-OPTIMA-packaging-group-GmbH--14497843-inline.html,,2026-09-12T22:07:09.646399+00:00
14497847,stepstone,Praktikum B2B-Marketing / Eventmanagement (m/w/d),OPTIMA packaging group GmbH,Baden-Württemberg,vor 15 Stunden,https://www.stepstone.de/stellenangebote--Praktikum-B2B-Marketing-Eventmanagement-m-w-d-74523-Schwaebisch-Hall-OPTIMA-packaging-group-GmbH--14497847-inline.html,,2026-09-12T22:07:09.646399+00:00
14497845,stepstone,Praktikum Marketing Kommunikation (m/w/d),OPTIMA packaging group GmbH,Baden-Württemberg,vor 17 Stunden,https://www.stepstone.de/stellenangebote--Praktikum-Marketing-Kommunikation-m-w-d-74523-Schwaebisch-Hall-OPTIMA-packaging-group-GmbH--14497845-inline.html,,2026-09-12T22:07:09.646399+00:00
14433786,stepstone,Ausbildung zum Rettungssanitäter (m/w/d),digitallifecare GmbH,Baden-Württemberg,vor 17 Stunden,https://www.stepstone.de/stellenangebote--Ausbildung-zum-Rettungssanitaeter-m-w-d-Frickenhausen-digitallifecare-GmbH--14433786-inline.html,,2026-09-12T22:07:09.646399+00:00
14433977,stepstone,IT Consultant Software & Data Solutions (mwd),HMS Analytical Software GmbH,Baden-Württemberg,vor 17 Stunden,https://www.stepstone.de/stellenangebote--IT-Consultant-Software-Data-Solutions-mwd-Heidelberg-Berlin-Ulm-Duesseldorf-bundesweit-HMS-Analytical-Software-GmbH--14433977-inline.html,,2026-09-12T22:07:09.646399+00:00
14433939,stepstone,Praktikum Business Strategy and Transformation Vans,meinestadt.de,Baden-Württemberg,vor 17 Stunden,https://www.stepstone.de/stellenangebote--Praktikum-Business-Strategy-and-Transformation-Vans-Stuttgart-meinestadt-de--14433939-inline.html,,2026-09-12T22:07:09.646399+00:00
13689231,stepstone,Doktorand*in für Promotion zum Thema Absicherungsstrategien für E2E-DNNs beim Automatisierten Fahren,Mercedes-Benz AG,Baden-Württemberg,vor 17 Stunden,https://www.stepstone.de/stellenangebote--Doktorandin-fuer-Promotion-zum-Thema-Absicherungsstrategien-fuer-E2E-DNNs-beim-Automatisierten-Fahren-Sindelfingen-Mercedes-Benz-AG--13689231-inline.html,,2026-09-12T22:07:09.646399+00:00
13699556,stepstone,Big Data Engineer / AI Software Engineer (m/w/d),Solve42 GmbH,Baden-Württemberg,vor 18 Stunden,https://www.stepstone.de/stellenangebote--Big-Data-Engineer-AI-Software-Engineer-m-w-d-Mannheim-Solve42-GmbH--13699556-inline.html,,2026-09-12T22:07:09.646399+00:00
14497842,stepstone,Praktikum Online Marketing und Social Media (m/w/d),OPTIMA packaging group GmbH,Baden-Württemberg,vor 18 Stunden,https://www.stepstone.de/stellenangebote--Praktikum-Online-Marketing-und-Social-Media-m-w-d-74523-Schwaebisch-Hall-OPTIMA-packaging-group-GmbH--14497842-inline.html,,2026-09-12T22:07:09.646399+00:00
14195831,stepstone,Praktikant (w/m/d) Projektmanagement Hochbau,Drees & Sommer SE,Baden-Württemberg,vor 18 Stunden,https://www.stepstone.de/stellenangebote--Praktikant-w-m-d-Projektmanagement-Hochbau-Stuttgart-Drees-Sommer-SE--14195831-inline.html,,2026-09-12T22:07:09.646399+00:00
14328250,stepstone,Praktikum im Bereich Projektmanagement / PLM-Systemeinführung (m/w/d),Ferd. Hauber GmbH,Baden-Württemberg,vor 19 Stunden,https://www.stepstone.de/stellenangebote--Praktikum-im-Bereich-Projektmanagement-PLM-Systemeinfuehrung-m-w-d-Nuertingen-Ferd-Hauber-GmbH--14328250-inline.html,,2026-09-12T22:07:09.646399+00:00
14497837,stepstone,Werkstudent Marketing Projektmanagement (m/w/d),OPTIMA packaging group GmbH,Baden-Württemberg,vor 19 Stunden,https://www.stepstone.de/stellenangebote--Werkstudent-Marketing-Projektmanagement-m-w-d-74523-Schwaebisch-Hall-OPTIMA-packaging-group-GmbH--14497837-inline.html,,2026-09-12T22:07:09.646399+00:00
14195817,stepstone,Praktikant (w/m/d) Online-Texting & Content Editing,Drees & Sommer SE,Baden-Württemberg,vor 19 Stunden,https://www.stepstone.de/stellenangebote--Praktikant-w-m-d-Online-Texting-Content-Editing-Stuttgart-Drees-Sommer-SE--14195817-inline.html,,2026-09-12T22:07:09.646399+00:00
13552687,stepstone,Auszubildende Koch / Köchin (m/w/d) Ausbildungsjahr 2026,Hotel Sommer,Bayern,vor 4 Stunden,https://www.stepstone.de/stellenangebote--Auszubildende-Koch-Koechin-m-w-d-Ausbildungsjahr-2026-Fuessen-Hotel-Sommer--13552687-inline.html,,2026-09-12T22:07:09.646399+00:00
14435739,stepstone,Praktikum im Bereich Logistik - Raum Augsburg - Start 2027,Amazon Europe Core,Bayern,vor 8 Stunden,https://www.stepstone.de/stellenangebote--Praktikum-im-Bereich-Logistik-Raum-Augsburg-Start-2027-Augsburg-Amazon-Europe-Core--14435739-inline.html,,2026-09-12T22:07:09.646399+00:00
14435802,stepstone,Praktikum im Bereich Logistik - Hof- Start 2027,Amazon Europe Core,Bayern,vor 8 Stunden,https://www.stepstone.de/stellenangebote--Praktikum-im-Bereich-Logistik-Hof-Start-2027-Hof-Amazon-Europe-Core--14435802-inline.html,,2026-09-12T22:07:09.646399+00:00
13785249,stepstone,"Consultant (m/w/d) aus den Fachrichtungen Physik, Mathematik, Informatik, Natur-, Ingenieur- oder Wirtschaftswissenschaften",d-fine GmbH,Bayern,vor 11 Stunden,https://www.stepstone.de/stellenangebote--Consultant-m-w-d-aus-den-Fachrichtungen-Physik-Mathematik-Informatik-Natur-Ingenieur-oder-Wirtschaftswissenschaften-Berlin-Duesseldorf-Frankfurt-am-Main-Hamburg-Muenchen-bundesweit-d-fine-GmbH--13785249-inline.html,,2026-09-12T22:07:09.646399+00:00
14497883,stepstone,Werkstudent Vertrieb & Marketing (m/w/d),Quantec Engineering GmbH,Bayern,vor 14 Stunden,https://www.stepstone.de/stellenangebote--Werkstudent-Vertrieb-Marketing-m-w-d-Kempten-Quantec-Engineering-GmbH--14497883-inline.html,,2026-09-12T22:07:09.646399+00:00
14435094,stepstone,Praktikant Produktstrategie Wertpapiere (w/m/d),ING Deutschland,Bayern,vor 14 Stunden,https://www.stepstone.de/stellenangebote--Praktikant-Produktstrategie-Wertpapiere-w-m-d-Frankfurt-am-Main-Nuernberg-ING-Deutschland--14435094-inline.html,,2026-09-12T22:07:09.646399+00:00
14436197,stepstone,Ausbildung Elektroniker Fachrichtung Energie- und Gebäudetechnik (m/w/d),EMP-Elektrotechnik GmbH,Bayern,vor 15 Stunden,https://www.stepstone.de/stellenangebote--Ausbildung-Elektroniker-Fachrichtung-Energie-und-Gebaeudetechnik-m-w-d-Rosstal-EMP-Elektrotechnik-GmbH--14436197-inline.html,,2026-09-12T22:07:09.646399+00:00
14499504,stepstone,Ausbildung Hotelfach (m/w/d) | Start Winter oder Sommer 2027,Novotel München City,Bayern,vor 15 Stunden,https://www.stepstone.de/stellenangebote--Ausbildung-Hotelfach-m-w-d-Start-Winter-oder-Sommer-2027-Muenchen-Novotel-Muenchen-City--14499504-inline.html,,2026-09-12T22:07:09.646399+00:00
14498333,stepstone,Front of House & Functional Service (Chef de Rang / Service Trainee),RE-Managers GmbH,Bayern,vor 15 Stunden,https://www.stepstone.de/stellenangebote--Front-of-House-Functional-Service-Chef-de-Rang-Service-Trainee-Bad-Groenenbach-Allgaeu-RE-Managers-GmbH--14498333-inline.html,,2026-09-12T22:07:09.646399+00:00
14434706,stepstone,Trainee Key Account Management Foodservice (m/w/d),Rittner Food Service GmbH & Co. KG,Bayern,vor 16 Stunden,https://www.stepstone.de/stellenangebote--Trainee-Key-Account-Management-Foodservice-m-w-d-Unterschleissheim-Rittner-Food-Service-GmbH-Co-KG--14434706-inline.html,,2026-09-12T22:07:09.646399+00:00
11735023,stepstone,Pflichtpraktikum/Freiwilliges Praktikum im Projektmanagement Hochbau (w/m/d),Drees & Sommer SE,Bayern,vor 16 Stunden,https://www.stepstone.de/stellenangebote--Pflichtpraktikum-Freiwilliges-Praktikum-im-Projektmanagement-Hochbau-w-m-d-Nuernberg-Drees-Sommer-SE--11735023-inline.html,,2026-09-12T22:07:09.646399+00:00
14395766,stepstone,W2 Professorship – Digital Production Technologies (m/f/d),Technische Hochschule Aschaffenburg,Bayern,vor 17 Stunden,https://www.stepstone.de/stellenangebote--W2-Professorship-Digital-Production-Technologies-m-f-d-Aschaffenburg-Technische-Hochschule-Aschaffenburg--14395766-inline.html,,2026-09-12T22:07:09.646399+00:00
14226440,stepstone,Ausbildung zum Industriekaufmann ab 2027 (m/w/d),Nitrochemie Aschau GmbH,Bayern,vor 17 Stunden,https://www.stepstone.de/stellenangebote--Ausbildung-zum-Industriekaufmann-ab-2027-m-w-d-Aschau-am-Inn-Nitrochemie-Aschau-GmbH--14226440-inline.html,,2026-09-12T22:07:09.646399+00:00
14433889,stepstone,Werkstudent/in Vertrieb und Marketing (m/w/d),Quantec Engineering GmbH,Bayern,vor 17 Stunden,https://www.stepstone.de/stellenangebote--Werkstudent-in-Vertrieb-und-Marketing-m-w-d-Kempten-Quantec-Engineering-GmbH--14433889-inline.html,,2026-09-12T22:07:09.646399+00:00
14498569,stepstone,Fachmann/-frau - Systemgastronomie (m/w/d) - Praktikum möglich,Ulrich Hiemer Uli Hiemer Systemgastronomie,Bayern,vor 17 Stunden,https://www.stepstone.de/stellenangebote--Fachmann-frau-Systemgastronomie-m-w-d-Praktikum-moeglich-Eichstaett-Bayern-Ulrich-Hiemer-Uli-Hiemer-Systemgastronomie--14498569-inline.html,,2026-09-12T22:07:09.646399+00:00
14436172,stepstone,Ausbildung als Immobilienkauffrau/-mann (m/w/d),Ehret+Klein GmbH,Bayern,vor 18 Stunden,https://www.stepstone.de/stellenangebote--Ausbildung-als-Immobilienkauffrau-mann-m-w-d-Starnberg-Ehret-Klein-GmbH--14436172-inline.html,,2026-09-12T22:07:09.646399+00:00
14226136,stepstone,Ausbildung zum Industriemechaniker ab 2027 (m/w/d),Nitrochemie Aschau GmbH,Bayern,vor 18 Stunden,https://www.stepstone.de/stellenangebote--Ausbildung-zum-Industriemechaniker-ab-2027-m-w-d-Aschau-am-Inn-Nitrochemie-Aschau-GmbH--14226136-inline.html,,2026-09-12T22:07:09.646399+00:00
14498358,stepstone,Kitchen & Culinary Lab (Sous Chef / Chef de Partie / Trainee),RE-Managers GmbH,Bayern,vor 18 Stunden,https://www.stepstone.de/stellenangebote--Kitchen-Culinary-Lab-Sous-Chef-Chef-de-Partie-Trainee-Bad-Groenenbach-Allgaeu-RE-Managers-GmbH--14498358-inline.html,,2026-09-12T22:07:09.646399+00:00
14497995,stepstone,Job als Azubi (m/w/d) beim Steuerberater in Passau,ASWR Straubinger & Fuchs Steuerberatungsges. mbH & Co KG,Bayern,vor 18 Stunden,https://www.stepstone.de/stellenangebote--Job-als-Azubi-m-w-d-beim-Steuerberater-in-Passau-Passau-ASWR-Straubinger-Fuchs-Steuerberatungsges-mbH-Co-KG--14497995-inline.html,,2026-09-12T22:07:09.646399+00:00
14391041,stepstone,Senior Data Scientist & AI Expert (m/w/d),rpc - The Retail Performance Company,Bayern,vor 19 Stunden,https://www.stepstone.de/stellenangebote--Senior-Data-Scientist-AI-Expert-m-w-d-Muenchen-rpc-The-Retail-Performance-Company--14391041-inline.html,,2026-09-12T22:07:09.646399+00:00
14497460,stepstone,Ausbildung zum Fachverkäufer im Lebensmittelhandwerk (Fleischerei) (m/w/d) 2027,Edeka Hofmann,Bayern,vor 19 Stunden,https://www.stepstone.de/stellenangebote--Ausbildung-zum-Fachverkaeufer-im-Lebensmittelhandwerk-Fleischerei-m-w-d-2027-Grosshabersdorf-Edeka-Hofmann--14497460-inline.html,,2026-09-12T22:07:09.646399+00:00
14497399,stepstone,Ausbildung zum Kaufmann im Einzelhandel (m/w/d) 2027,Breitenbach Karlstadt OHG,Bayern,vor 19 Stunden,https://www.stepstone.de/stellenangebote--Ausbildung-zum-Kaufmann-im-Einzelhandel-m-w-d-2027-Karlstadt-Breitenbach-Karlstadt-OHG--14497399-inline.html,,2026-09-12T22:07:09.646399+00:00
052143d3d77f59cc,indeed,Working Student AI (m/f/d),Trelleborg Sealing Solutions (TSS),Baden-Württemberg,N/A,https://de.indeed.com/viewjob?jk=052143d3d77f59cc,"Arbeitsort
70565 Stuttgart
&nbsp;
Vollständige Stellenbeschreibung
Trelleborg is a world leader in engineered polymer solutions for almost every industry on the planet. And we are where we are because our talents brought us here. By specializing in the polymer engineering that makes innovation and application possible, Trelleborg works closely with leading industry brands to accelerate their performance, drive their business forward—and along the way, shape the industry and progress that will benefit humankind in the exciting years ahead. Our people are Shaping Industry from the Inside. Why don´t you join us?
As a Working Student AI, you will support our AI & Data team in business analysis, project coordination, data-related tasks, and basic development activities. You will work closely with experienced AI Engineers and Data Scientists, gaining valuable practical experience while contributing to innovative digital solutions.
Your Responsibilities
Support the team in gathering, documenting, and structuring business requirements for AI and data use cases
Prepare data analyses, reports, presentations, and other materials for internal stakeholders
Assist with data preparation and data quality checks for ongoing AI and machine learning projects
Support basic development and testing activities, including small scripts, simple data pipelines, and minor bug fixes under guidance
Help maintain documentation, templates, and knowledge resources related to AI use cases and tools
Provide organizational support, including meeting coordination and action item tracking
What You Bring
Currently enrolled in a Bachelor's or Master's program in Computer Science, Business Informatics, Data Science, Business Administration, or a related field
First experience with programming, data analysis, or business analysis through studies, university projects, or internships
Basic programming skills, ideally in Python or SQL, or a strong willingness to learn
Strong analytical thinking and a structured approach to problem-solving
Interest in Artificial Intelligence, data, and digital transformation topics
Good communication skills in English; German is a plus
Start shaping industry from the inside!

Trelleborg is an Equal Opportunity Employer.
We value diversity and appreciate the unique experience and expertise that people from different backgrounds bring to our business. Our ability to innovate and develop groundbreaking technologies is one of our greatest strengths - and our people make it possible.

&nbsp;",2026-09-12T22:07:09.646399+00:00
14435772,stepstone,Werkstudent Strategy im AI Center of Competence (d/m/w/x),Mercedes-Benz Tech Innovation,Baden-Württemberg,vor 11 Stunden,https://www.stepstone.de/stellenangebote--Werkstudent-Strategy-im-AI-Center-of-Competence-d-m-w-x-Stuttgart-Berlin-Mercedes-Benz-Tech-Innovation--14435772-inline.html,,2026-09-12T22:07:09.646399+00:00
14497912,stepstone,Werkstudent*in (m/w/d) im Produktmanagement für innovative Messtechnik,CSM Computer-Systeme-Messtechnik GmbH,Baden-Württemberg,vor 12 Stunden,https://www.stepstone.de/stellenangebote--Werkstudentin-m-w-d-im-Produktmanagement-fuer-innovative-Messtechnik-Filderstadt-CSM-Computer-Systeme-Messtechnik-GmbH--14497912-inline.html,,2026-09-12T22:07:09.646399+00:00
14434693,stepstone,Werkstudent (m/w/d)* Digitale Plattformen,ALH Gruppe,Baden-Württemberg,vor 13 Stunden,https://www.stepstone.de/stellenangebote--Werkstudent-m-w-d-Digitale-Plattformen-Stuttgart-ALH-Gruppe--14434693-inline.html,,2026-09-12T22:07:09.646399+00:00
14497841,stepstone,Werkstudent Nachhaltige Beschaffung (m/w/d),OPTIMA materials management GmbH,Baden-Württemberg,vor 15 Stunden,https://www.stepstone.de/stellenangebote--Werkstudent-Nachhaltige-Beschaffung-m-w-d-74523-Schwaebisch-Hall-OPTIMA-materials-management-GmbH--14497841-inline.html,,2026-09-12T22:07:09.646399+00:00
13529523,stepstone,Werkstudent (w/m/d) BIM/ Digitalisierung im Baumanagement,Drees & Sommer SE,Baden-Württemberg,vor 16 Stunden,https://www.stepstone.de/stellenangebote--Werkstudent-w-m-d-BIM-Digitalisierung-im-Baumanagement-Stuttgart-Drees-Sommer-SE--13529523-inline.html,,2026-09-12T22:07:09.646399+00:00
14497840,stepstone,Werkstudent Vertrieb (m/w/d),OPTIMA pharma GmbH,Baden-Württemberg,vor 16 Stunden,https://www.stepstone.de/stellenangebote--Werkstudent-Vertrieb-m-w-d-74523-Schwaebisch-Hall-OPTIMA-pharma-GmbH--14497840-inline.html,,2026-09-12T22:07:09.646399+00:00
14434063,stepstone,Werkstudent Reliability Engineering (m/w/x),ZEISS,Baden-Württemberg,vor 16 Stunden,https://www.stepstone.de/stellenangebote--Werkstudent-Reliability-Engineering-m-w-x-Oberkochen-bei-Ulm-ZEISS--14434063-inline.html,,2026-09-12T22:07:09.646399+00:00
14392253,stepstone,Werkstudent - Data Analytics & Business Intelligence (m/w/d),Mercedes-Benz Consulting GmbH,Baden-Württemberg,vor 16 Stunden,https://www.stepstone.de/stellenangebote--Werkstudent-Data-Analytics-Business-Intelligence-m-w-d-Leinfelden-Echterdingen-Mercedes-Benz-Consulting-GmbH--14392253-inline.html,,2026-09-12T22:07:09.646399+00:00
14435812,stepstone,Werkstudent*in MB.OS Software-Produktdatenmanagement,Mercedes-Benz AG,Baden-Württemberg,vor 18 Stunden,https://www.stepstone.de/stellenangebote--Werkstudentin-MB-OS-Software-Produktdatenmanagement-Sindelfingen-Mercedes-Benz-AG--14435812-inline.html,,2026-09-12T22:07:09.646399+00:00
14497943,stepstone,Studentenjob Verkauf (m/w/d),ALDI SÜD,Baden-Württemberg,vor 18 Stunden,https://www.stepstone.de/stellenangebote--Studentenjob-Verkauf-m-w-d-Stutensee-Blankenloch-ALDI-SUED--14497943-inline.html,,2026-09-12T22:07:09.646399+00:00
14457217,stepstone,Werkstudent*in User Experience,meinestadt.de,Baden-Württemberg,vor 18 Stunden,https://www.stepstone.de/stellenangebote--Werkstudentin-User-Experience-Sindelfingen-meinestadt-de--14457217-inline.html,,2026-09-12T22:07:09.646399+00:00
14434160,stepstone,Werkstudent Human Resources & Analytics (m/w/d),dental bauer GmbH,Baden-Württemberg,vor 18 Stunden,https://www.stepstone.de/stellenangebote--Werkstudent-Human-Resources-Analytics-m-w-d-Tuebingen-dental-bauer-GmbH--14434160-inline.html,,2026-09-12T22:07:09.646399+00:00
14434135,stepstone,Werkstudent Office Management und Administration (d/m/w),Schaeffler Technologies AG & Co. KG,Baden-Württemberg,vor 19 Stunden,https://www.stepstone.de/stellenangebote--Werkstudent-Office-Management-und-Administration-d-m-w-Karlsruhe-Schaeffler-Technologies-AG-Co-KG--14434135-inline.html,,2026-09-12T22:07:09.646399+00:00
14392010,stepstone,Werkstudent Marketing - Schwerpunkt Events & Kundenseminare (w/w/d),Schweitzer-Chemie GmbH,Baden-Württemberg,vor 20 Stunden,https://www.stepstone.de/stellenangebote--Werkstudent-Marketing-Schwerpunkt-Events-Kundenseminare-w-w-d-Freiberg-am-Neckar-Schweitzer-Chemie-GmbH--14392010-inline.html,,2026-09-12T22:07:09.646399+00:00
14435873,stepstone,Praktikant*in KI-gestützte Qualitätsüberwachung von Schweißnahtbildern (Pflicht-Praktikum),Mercedes-Benz AG,Baden-Württemberg,vor 20 Stunden,https://www.stepstone.de/stellenangebote--Praktikantin-KI-gestuetzte-Qualitaetsueberwachung-von-Schweissnahtbildern-Pflicht-Praktikum-Esslingen-am-Neckar-Mercedes-Benz-AG--14435873-inline.html,,2026-09-12T22:07:09.646399+00:00
14435349,stepstone,Werkstudent (w/m/d) - Produktmanagement DSL & Glasfaser,1&1,Baden-Württemberg,vor 21 Stunden,https://www.stepstone.de/stellenangebote--Werkstudent-w-m-d-Produktmanagement-DSL-Glasfaser-Karlsruhe-11--14435349-inline.html,,2026-09-12T22:07:09.646399+00:00
13889691,stepstone,Working Student Robotic Software Development (m/w/d),Alpine Eagle GmbH,Baden-Württemberg,vor 23 Stunden,https://www.stepstone.de/stellenangebote--Working-Student-Robotic-Software-Development-m-w-d-Karlsruhe-Baden-Wuerttemberg-Germany-Alpine-Eagle-GmbH--13889691-inline.html,,2026-09-12T22:07:09.646399+00:00
13883525,stepstone,Werkstudent (m/w/d),Lehleiter Verwaltungsgesellschaft mbH,Baden-Württemberg,vor 23 Stunden,https://www.stepstone.de/stellenangebote--Werkstudent-m-w-d-Weinstr-35-74172-Neckarsulm-Lehleiter-Verwaltungsgesellschaft-mbH--13883525-inline.html,,2026-09-12T22:07:09.646399+00:00
14138724,stepstone,Physiotherapeut*in (m/w/d) im Pflegeheim (Werkstudent / Teilzeit) - Standort Kenzingen,Körperwerk Emmendingen GmbH,Baden-Württemberg,vor 23 Stunden,https://www.stepstone.de/stellenangebote--Physiotherapeutin-m-w-d-im-Pflegeheim-Werkstudent-Teilzeit-Standort-Kenzingen-Kenzingen-Koerperwerk-Emmendingen-GmbH--14138724-inline.html,,2026-09-12T22:07:09.646399+00:00
14436136,stepstone,Werkstudent Qualitätsmanagement (m/w/d),VIVONIC GmbH,Bayern,vor 9 Stunden,https://www.stepstone.de/stellenangebote--Werkstudent-Qualitaetsmanagement-m-w-d-Sailauf-VIVONIC-GmbH--14436136-inline.html,,2026-09-12T22:07:09.646399+00:00
14394976,stepstone,(Junior) Commercial / Contract Manager / Vertragsmanager im Bereich Raumfahrt (m/w/d),IABG Industrieanlagen - Betriebsgesellschaft mbH,Bayern,vor 14 Stunden,https://www.stepstone.de/stellenangebote--Junior-Commercial-Contract-Manager-Vertragsmanager-im-Bereich-Raumfahrt-m-w-d-Ottobrunn-IABG-Industrieanlagen-Betriebsgesellschaft-mbH--14394976-inline.html,,2026-09-12T22:07:09.646399+00:00
14434981,stepstone,Werkstudent (m/w/d) Programmunterstützung Partnermanagement,secunet Security Networks AG,Bayern,vor 14 Stunden,https://www.stepstone.de/stellenangebote--Werkstudent-m-w-d-Programmunterstuetzung-Partnermanagement-Muenchen-secunet-Security-Networks-AG--14434981-inline.html,,2026-09-12T22:07:09.646399+00:00
14434398,stepstone,Werkstudent (m/w/d) Produktentwicklung,CROWN Gabelstapler GmbH & Co. KG,Bayern,vor 15 Stunden,https://www.stepstone.de/stellenangebote--Werkstudent-m-w-d-Produktentwicklung-Feldkirchen-Landkreis-Muenchen-CROWN-Gabelstapler-GmbH-Co-KG--14434398-inline.html,,2026-09-12T22:07:09.646399+00:00
14434212,stepstone,Werkstudierende in der Bau-Projektsteuerung (m/w/d),Hitzler Ingenieure GmbH & Co. KG,Bayern,vor 17 Stunden,https://www.stepstone.de/stellenangebote--Werkstudierende-in-der-Bau-Projektsteuerung-m-w-d-Kempten-Allgaeu-Hitzler-Ingenieure-GmbH-Co-KG--14434212-inline.html,,2026-09-12T22:07:09.646399+00:00
14434281,stepstone,Werkstudent im Compliance Management (m/w/d),Bayerische Versorgungskammer,Bayern,vor 18 Stunden,https://www.stepstone.de/stellenangebote--Werkstudent-im-Compliance-Management-m-w-d-Muenchen-Bayerische-Versorgungskammer--14434281-inline.html,,2026-09-12T22:07:09.646399+00:00
14435352,stepstone,Werkstudent (m/w/d) Mieterkommunikation und Projektkoordination Immobilien,Lebensversicherung von 1871 a. G.,Bayern,vor 18 Stunden,https://www.stepstone.de/stellenangebote--Werkstudent-m-w-d-Mieterkommunikation-und-Projektkoordination-Immobilien-Muenchen-Lebensversicherung-von-1871-a-G--14435352-inline.html,,2026-09-12T22:07:09.646399+00:00
14497466,stepstone,Werkstudent (m/w/d) E-Commerce,Active Nutrition International GmbH,Bayern,vor 18 Stunden,https://www.stepstone.de/stellenangebote--Werkstudent-m-w-d-E-Commerce-Munich-Active-Nutrition-International-GmbH--14497466-inline.html,,2026-09-12T22:07:09.646399+00:00
14434060,stepstone,Werkstudent HR & Learning Development (m/w/d),Rail Power Systems GmbH,Bayern,vor 18 Stunden,https://www.stepstone.de/stellenangebote--Werkstudent-HR-Learning-Development-m-w-d-Muenchen-Rail-Power-Systems-GmbH--14434060-inline.html,,2026-09-12T22:07:09.646399+00:00
14331784,stepstone,Werkstudenten (m/w/d) - Microsoft 365 & KI,Esri Deutschland GmbH,Bayern,vor 19 Stunden,https://www.stepstone.de/stellenangebote--Werkstudenten-m-w-d-Microsoft-365-KI-Bonn-Koeln-Kranzberg-bei-Muenchen-Muenster-Esri-Deutschland-GmbH--14331784-inline.html,,2026-09-12T22:07:09.646399+00:00
12888695,stepstone,Praktikant/Werkstudent (w/m/d) Workplace Consulting – Innenarchitektur / Architektur,Drees & Sommer SE,Bayern,vor 20 Stunden,https://www.stepstone.de/stellenangebote--Praktikant-Werkstudent-w-m-d-Workplace-Consulting-Innenarchitektur-Architektur-Nuernberg-Drees-Sommer-SE--12888695-inline.html,,2026-09-12T22:07:09.646399+00:00
14335252,stepstone,Werkstudent:in (m/w/d) Content Creation & Marketing,Pato Pickleball,Bayern,vor 20 Stunden,https://www.stepstone.de/stellenangebote--Werkstudent-in-m-w-d-Content-Creation-Marketing-Munich-Pato-Pickleball--14335252-inline.html,,2026-09-12T22:07:09.646399+00:00
14497800,stepstone,Werkstudent (w/m/d) Kundenservice,Arthrex GmbH,Bayern,vor 20 Stunden,https://www.stepstone.de/stellenangebote--Werkstudent-w-m-d-Kundenservice-Muenchen-Arthrex-GmbH--14497800-inline.html,,2026-09-12T22:07:09.646399+00:00
14433780,stepstone,Werkstudent Social Media und Content Creation (m/w/d),Lasertechnik Kilgenstein GmbH & Co. KG,Bayern,vor 20 Stunden,https://www.stepstone.de/stellenangebote--Werkstudent-Social-Media-und-Content-Creation-m-w-d-Moembris-Lasertechnik-Kilgenstein-GmbH-Co-KG--14433780-inline.html,,2026-09-12T22:07:09.646399+00:00
14497494,stepstone,Werkstudent Marketing & Sales (m/w/d),Specific-Group Germany GmbH,Bayern,vor 21 Stunden,https://www.stepstone.de/stellenangebote--Werkstudent-Marketing-Sales-m-w-d-Landshut-Specific-Group-Germany-GmbH--14497494-inline.html,,2026-09-12T22:07:09.646399+00:00
14433772,stepstone,Senior Aktuar Pricing (m/w/d),Allianz Versicherungs-AG,Bayern,vor 21 Stunden,https://www.stepstone.de/stellenangebote--Senior-Aktuar-Pricing-m-w-d-Unterfoehring-Allianz-Versicherungs-AG--14433772-inline.html,,2026-09-12T22:07:09.646399+00:00
14434765,stepstone,Senior Discovery & Digital Innovation Engineer (m/w/d),Ambu Innovation GmbH,Bayern,vor 21 Stunden,https://www.stepstone.de/stellenangebote--Senior-Discovery-Digital-Innovation-Engineer-m-w-d-Augsburg-Ambu-Innovation-GmbH--14434765-inline.html,,2026-09-12T22:07:09.646399+00:00
14434800,stepstone,Werkstudent (w|m|d) Organisation in der ADAC Versicherung AG,ADAC,Bayern,vor 21 Stunden,https://www.stepstone.de/stellenangebote--Werkstudent-wmd-Organisation-in-der-ADAC-Versicherung-AG-Muenchen-ADAC--14434800-inline.html,,2026-09-12T22:07:09.646399+00:00
14497846,stepstone,Praktikant/Werkstudent/Abschlussarbeit (m/w/d) - Metamodelle für Funktionsbaugruppen,Rosenberger Hochfrequenztechnik GmbH & Co. KG,Bayern,vor 22 Stunden,https://www.stepstone.de/stellenangebote--Praktikant-Werkstudent-Abschlussarbeit-m-w-d-Metamodelle-fuer-Funktionsbaugruppen-Fridolfing-Rosenberger-Hochfrequenztechnik-GmbH-Co-KG--14497846-inline.html,,2026-09-12T22:07:09.646399+00:00
14433905,stepstone,Werkstudent/in Customer Support im Fitness-Nutrition-Unternehmen,Brandl Nutrition GmbH,Bayern,vor 22 Stunden,https://www.stepstone.de/stellenangebote--Werkstudent-in-Customer-Support-im-Fitness-Nutrition-Unternehmen-Munich-Brandl-Nutrition-GmbH--14433905-inline.html,,2026-09-12T22:07:09.646399+00:00
14435443,stepstone,Werkstudent (m/w/d) Controlling,Paulaner Brauerei Gruppe GmbH & Co. KGaA,Bayern,vor 22 Stunden,https://www.stepstone.de/stellenangebote--Werkstudent-m-w-d-Controlling-Muenchen-Paulaner-Brauerei-Gruppe-GmbH-Co-KGaA--14435443-inline.html,,2026-09-12T22:07:09.646399+00:00
14433746,stepstone,Auszubildender zum Industriekaufmann m/w/d,Tannenhof Schwarzwälder Fleischwaren GmbH &Co. KG,Baden-Württemberg,vor 19 Stunden,https://www.stepstone.de/stellenangebote--Auszubildender-zum-Industriekaufmann-m-w-d-Niedereschach-Tannenhof-Schwarzwaelder-Fleischwaren-GmbH-Co-KG--14433746-inline.html,,2026-09-12T22:07:09.646399+00:00
13131883,stepstone,Ausbildung zum Industriekaufmann (m/w/d),BRAND INTERNATIONAL GMBH,Baden-Württemberg,vor 20 Stunden,https://www.stepstone.de/stellenangebote--Ausbildung-zum-Industriekaufmann-m-w-d-Wertheim-BRAND-INTERNATIONAL-GMBH--13131883-inline.html,,2026-09-12T22:07:09.646399+00:00
14433844,stepstone,Ausbildung zum/zur Kaufmann/-frau im Einzelhandel für 2027 (m/w/d),absoluts -bikes and more- GmbH & Co. KG,Bayern,vor 19 Stunden,https://www.stepstone.de/stellenangebote--Ausbildung-zum-zur-Kaufmann-frau-im-Einzelhandel-fuer-2027-m-w-d-Rimsting-absoluts-bikes-and-more-GmbH-Co-KG--14433844-inline.html,,2026-09-12T22:07:09.646399+00:00
